id;file_name;data;data_content_type;version;timestamp
1;Car payment;../fake-data/blob/hipster.png;image/png;protocol Tools;2021-02-04T16:15:08
2;azure Keyboard;../fake-data/blob/hipster.png;image/png;utilize Compatible;2021-02-04T14:31:57
3;Bedfordshire;../fake-data/blob/hipster.png;image/png;sky blue PCI;2021-02-05T00:36:33
4;Kwacha;../fake-data/blob/hipster.png;image/png;orchid;2021-02-04T13:22:14
5;Garden 3rd generation;../fake-data/blob/hipster.png;image/png;Grocery even-keeled Officer;2021-02-05T03:45:26
6;methodologies ROI Intelligent;../fake-data/blob/hipster.png;image/png;Tasty;2021-02-04T12:30:17
7;auxiliary;../fake-data/blob/hipster.png;image/png;International French Southern Territories;2021-02-04T23:51:12
8;EXE;../fake-data/blob/hipster.png;image/png;Steel foreground Assurance;2021-02-04T07:21:49
9;Illinois Health Intelligent;../fake-data/blob/hipster.png;image/png;Soap;2021-02-05T05:25:57
10;Program drive Jewelery;../fake-data/blob/hipster.png;image/png;Guinea Franc dot-com;2021-02-04T08:42:14
