id;primary_hostname;secondary_hostname;port
1;SCSI mobile wireless;Quetzal;63252
2;Soap rich;Cambridgeshire Specialist Rubber;93485
3;Usability;Adaptive killer;83967
4;Belarussian Ruble overriding Creative;Florida virtual productize;5878
5;multi-byte;iterate visualize;36409
6;Front-line JBOD Frozen;Fundamental users Handcrafted Concrete Ball;14728
7;interactive collaborative payment;multi-byte dot-com Senior;86115
8;Refined Liaison;robust compressing Cross-group;29333
9;Uzbekistan Sum Gateway;Estate Realigned;84195
10;Administrator;online XSS Liaison;36695
