id;name;address;create_timestamp;last_update_timestamp
1;Clothing;auxiliary Direct infrastructure;2021-02-05T03:51:00;2021-02-04T17:45:21
2;overriding Granite azure;Dam;2021-02-04T11:11:19;2021-02-04T11:03:37
3;Sleek Fresh Chips compress Central;policy;2021-02-04T06:55:23;2021-02-05T06:18:39
4;Programmable innovate open-source;Markets;2021-02-05T05:31:33;2021-02-04T07:30:49
5;Customer functionalities;open system;2021-02-04T11:05:30;2021-02-05T04:36:02
6;gold firmware;Legacy;2021-02-05T05:00:50;2021-02-04T21:46:00
7;primary e-markets;capacitor throughput Investor;2021-02-04T23:28:13;2021-02-04T08:51:55
8;matrix sky blue portals;Beauty Wyoming;2021-02-04T14:29:02;2021-02-04T08:57:48
9;vortals;Soft global Streamlined;2021-02-04T07:30:33;2021-02-05T04:23:05
10;back-end brand Sleek;Gorgeous Frozen Keyboard;2021-02-04T14:30:35;2021-02-05T06:31:48
