id;first_name;last_name;email;password
1;Selena;Buckridge;Stephon.Fay20@yahoo.com;connecting Borders Internal
2;Reymundo;Pfannerstill;Nils_Morar@yahoo.com;productize monitoring
3;Kiarra;Stracke;Carmel21@gmail.com;connecting
4;Osvaldo;Corwin;Scotty58@hotmail.com;yellow withdrawal web-enabled
5;Royal;Schoen;Elvera_Kirlin41@hotmail.com;Garden Administrator
6;Nathan;Kling;Travis.Harber@yahoo.com;Clothing
7;Charlotte;Barrows;Ahmed50@yahoo.com;Total
8;Alta;Lang;Lance_Beier69@yahoo.com;Cheese
9;Marshall;Blick;Elinor31@hotmail.com;tan collaboration
10;Marco;Beier;Sophie_Lind@yahoo.com;New Hampshire Computers
